Year,Month,Day,Wind_direction,Wind Speed (Knots)
2001,1,1,18,1.3
2001,1,2,15,2.2
2001,1,3,11,1.3
2001,1,4,7,1.8
2001,1,5,7,0.7
2001,1,6,11,2.7
2001,1,7,17,1.8
2001,1,8,13,0.8
2001,1,9,10,1.0
2001,1,10,12,1.3
2001,1,11,11,1.5
2001,1,12,14,1.3
2001,1,13,11,1.3
2001,1,14,11,1.4
2001,1,15,11,2.0
2001,1,16,10,2.0
2001,1,17,9,1.4
2001,1,18,18,1.2
2001,1,19,9,1.0
2001,1,20,10,1.0
2001,1,21,7,0.9
2001,1,22,21,2.7
2001,1,23,13,1.7
2001,1,24,7,1.0
2001,1,25,8,0.5
2001,1,26,10,1.7
2001,1,27,11,1.1
2001,1,28,9,1.5
2001,1,29,8,1.1
2001,1,30,12,1.9
2001,1,31,8,0.5
2001,2,1,16,1.3
2001,2,2,6,1.3
2001,2,3,10,1.0
2001,2,4,6,1.1
2001,2,5,3,0.8
2001,2,6,13,0.9
2001,2,7,12,1.3
2001,2,8,13,1.6
2001,2,9,13,0.5
2001,2,10,6,0.5
2001,2,11,6,0.6
2001,2,12,7,1.0
2001,2,13,7,0.5
2001,2,14,12,0.9
2001,2,15,5,1.0
2001,2,16,13,0.6
2001,2,17,10,0.9
2001,2,18,7,1.4
2001,2,19,18,1.3
2001,2,20,17,1.1
2001,2,21,5,0.6
2001,2,22,9,0.5
2001,2,23,11,0.8
2001,2,24,7,0.7
2001,2,25,6,0.5
2001,2,26,7,2.0
2001,2,27,11,0.5
2001,2,28,7,1.3
2001,3,1,1,0.7
2001,3,2,1,1.8
2001,3,3,0,0.0
2001,3,4,1,0.5
2001,3,5,1,0.5
2001,3,6,1,0.8
2001,3,7,1,0.5
2001,3,8,1,0.5
2001,3,9,1,0.8
2001,3,10,1,0.8
2001,3,11,1,1.1
2001,3,12,1,0.8
2001,3,13,1,1.0
2001,3,14,1,1.1
2001,3,15,1,0.8
2001,3,16,1,0.5
2001,3,17,1,1.0
2001,3,18,0,0.3
2001,3,19,1,0.9
2001,3,20,1,1.0
2001,3,21,0,0.3
2001,3,22,0,0.4
2001,3,23,36,0.7
2001,3,24,1,0.5
2001,3,25,1,1.0
2001,3,26,1,1.0
2001,3,27,1,1.3
2001,3,28,1,0.7
2001,3,29,1,0.6
2001,3,30,1,0.7
2001,3,31,1,1.2
2001,4,1,11,1.0
2001,4,2,8,2.9
2001,4,3,7,1.5
2001,4,4,9,1.1
2001,4,5,6,1.5
2001,4,6,11,2.0
2001,4,7,2,1.3
2001,4,8,11,1.1
2001,4,9,11,1.3
2001,4,10,9,0.5
2001,4,11,17,1.4
2001,4,12,11,1.7
2001,4,13,12,1.5
2001,4,14,9,1.7
2001,4,15,5,1.7
2001,4,16,7,2.3
2001,4,17,1,1.7
2001,4,18,12,1.6
2001,4,19,12,1.7
2001,4,20,11,2.0
2001,4,21,9,1.8
2001,4,22,16,1.4
2001,4,23,9,1.6
2001,4,24,11,1.3
2001,4,25,10,1.4
2001,4,26,9,1.3
2001,4,27,10,1.5
2001,4,28,9,4.2
2001,4,29,12,4.6
2001,4,30,12,1.3
2001,5,1,4,2.9
2001,5,2,9,1.5
2001,5,3,12,1.3
2001,5,4,5,0.8
2001,5,5,7,1.0
2001,5,6,10,1.7
2001,5,7,12,2.2
2001,5,8,11,1.7
2001,5,9,12,2.1
2001,5,10,10,1.4
2001,5,11,11,1.8
2001,5,12,7,2.3
2001,5,13,12,2.7
2001,5,14,11,2.1
2001,5,15,12,1.8
2001,5,16,12,1.9
2001,5,17,9,1.3
2001,5,18,7,2.1
2001,5,19,7,2.8
2001,5,20,8,1.5
2001,5,21,8,1.8
2001,5,22,7,1.3
2001,5,23,10,1.0
2001,5,24,11,1.8
2001,5,25,8,1.5
2001,5,26,10,1.7
2001,5,27,7,1.6
2001,5,28,6,1.8
2001,5,29,12,2.6
2001,5,30,14,1.7
2001,5,31,4,1.2
2001,6,1,11,2.1
2001,6,2,2,1.8
2001,6,3,9,1.9
2001,6,4,11,2.0
2001,6,5,10,1.8
2001,6,6,5,2.2
2001,6,7,7,1.1
2001,6,8,9,2.3
2001,6,9,11,1.4
2001,6,10,8,2.6
2001,6,11,11,1.5
2001,6,12,9,1.8
2001,6,13,11,1.3
2001,6,14,7,2.1
2001,6,15,8,1.6
2001,6,16,6,3.2
2001,6,17,10,2.0
2001,6,18,7,1.4
2001,6,19,10,1.5
2001,6,20,10,2.2
2001,6,21,7,1.4
2001,6,22,10,1.8
2001,6,23,11,1.5
2001,6,24,2,2.2
2001,6,25,11,1.4
2001,6,26,12,1.3
2001,6,27,11,1.3
2001,6,28,11,2.1
2001,6,29,11,1.7
2001,6,30,7,2.0
2001,7,1,8,2.0
2001,7,2,8,5.6
2001,7,3,7,2.5
2001,7,4,11,2.5
2001,7,5,7,1.0
2001,7,6,7,2.6
2001,7,7,5,5.0
2001,7,8,10,2.3
2001,7,9,5,1.1
2001,7,10,11,1.5
2001,7,11,10,1.3
2001,7,12,10,1.8
2001,7,13,6,1.7
2001,7,14,8,3.4
2001,7,15,3,5.3
2001,7,16,7,1.9
2001,7,17,9,2.1
2001,7,18,10,0.9
2001,7,19,7,1.1
2001,7,20,9,2.9
2001,7,21,9,1.8
2001,7,22,14,3.2
2001,7,23,13,1.7
2001,7,24,10,1.8
2001,7,25,17,3.3
2001,7,26,10,2.7
2001,7,27,10,1.9
2001,7,28,10,2.6
2001,7,29,10,1.6
2001,7,30,7,3.2
2001,7,31,13,3.2
2001,8,1,14,3.4
2001,8,2,11,1.7
2001,8,3,7,1.6
2001,8,4,10,2.1
2001,8,5,10,1.3
2001,8,6,10,3.4
2001,8,7,10,1.8
2001,8,8,9,2.6
2001,8,9,10,2.0
2001,8,10,10,2.0
2001,8,11,10,1.4
2001,8,12,6,1.4
2001,8,13,7,1.7
2001,8,14,7,1.3
2001,8,15,11,1.9
2001,8,16,7,1.9
2001,8,17,12,1.0
2001,8,18,7,1.4
2001,8,19,11,2.0
2001,8,20,2,4.8
2001,8,21,11,1.9
2001,8,22,7,1.8
2001,8,23,7,1.5
2001,8,24,6,2.3
2001,8,25,12,2.6
2001,8,26,6,4.2
2001,8,27,7,4.8
2001,8,28,7,8.3
2001,8,29,4,7.5
2001,8,30,4,5.2
2001,8,31,9,3.4
2001,9,1,11,2.3
2001,9,2,8,2.9
2001,9,3,9,2.1
2001,9,4,10,2.3
2001,9,5,9,1.8
2001,9,6,8,1.8
2001,9,7,6,1.5
2001,9,8,10,4.8
2001,9,9,9,3.3
2001,9,10,10,2.1
2001,9,11,10,2.2
2001,9,12,10,1.9
2001,9,13,3,4.8
2001,9,14,18,3.4
2001,9,15,15,4.6
2001,9,16,3,3.4
2001,9,17,10,2.1
2001,9,18,7,3.0
2001,9,19,12,3.1
2001,9,20,10,6.4
2001,9,21,11,5.4
2001,9,22,11,2.8
2001,9,23,7,2.2
2001,9,24,6,1.9
2001,9,25,5,1.9
2001,9,26,7,2.1
2001,9,27,8,2.3
2001,9,28,4,5.1
2001,9,29,4,6.3
2001,9,30,13,4.0
2001,10,1,10,2.8
2001,10,2,14,2.8
2001,10,3,11,3.5
2001,10,4,10,2.9
2001,10,5,24,3.3
2001,10,6,11,2.4
2001,10,7,7,6.3
2001,10,8,7,9.3
2001,10,9,6,6.7
2001,10,10,10,3.0
2001,10,11,14,2.7
2001,10,12,10,2.5
2001,10,13,10,3.5
2001,10,14,11,6.8
2001,10,15,10,4.3
2001,10,16,11,2.5
2001,10,17,13,2.9
2001,10,18,14,2.0
2001,10,19,14,3.1
2001,10,20,26,4.5
2001,10,21,11,3.4
2001,10,22,8,3.3
2001,10,23,10,3.0
2001,10,24,14,3.8
2001,10,25,8,5.0
2001,10,26,16,5.7
2001,10,27,12,3.4
2001,10,28,10,4.7
2001,10,29,11,4.5
2001,10,30,12,2.0
2001,10,31,11,2.1
2001,11,1,11,4.1
2001,11,2,7,4.7
2001,11,3,7,2.4
2001,11,4,7,4.9
2001,11,5,13,2.3
2001,11,6,6,2.3
2001,11,7,9,2.4
2001,11,8,10,3.6
2001,11,9,16,3.3
2001,11,10,10,1.9
2001,11,11,7,2.1
2001,11,12,8,2.2
2001,11,13,10,2.8
2001,11,14,4,1.1
2001,11,15,7,1.1
2001,11,16,2,1.6
2001,11,17,5,2.0
2001,11,18,16,3.3
2001,11,19,6,0.8
2001,11,20,11,2.0
2001,11,21,6,0.7
2001,11,22,9,2.3
2001,11,23,7,1.0
2001,11,24,7,1.5
2001,11,25,6,1.2
2001,11,26,1,3.0
2001,11,27,10,1.8
2001,11,28,5,3.0
2001,11,29,7,2.1
2001,11,30,0,2.0
2001,12,1,13,2.6
2001,12,2,19,3.0
2001,12,3,13,3.5
2001,12,4,9,3.4
2001,12,5,9,1.0
2001,12,6,7,0.5
2001,12,7,10,2.0
2001,12,8,3,3.6
2001,12,9,7,1.3
2001,12,10,9,1.1
2001,12,11,4,0.7
2001,12,12,11,1.9
2001,12,13,10,2.1
2001,12,14,12,1.7
2001,12,15,10,1.7
2001,12,16,4,0.8
2001,12,17,7,1.0
2001,12,18,8,1.0
2001,12,19,10,1.4
2001,12,20,10,1.3
2001,12,21,16,2.0
2001,12,22,10,1.8
2001,12,23,5,1.2
2001,12,24,12,4.0
2001,12,25,6,1.4
2001,12,26,14,2.6
2001,12,27,9,1.3
2001,12,28,14,2.1
2001,12,29,11,2.4
2001,12,30,8,1.8
2001,12,31,11,1.0
2002,1,1,25,0.7
2002,1,2,31,0.8
2002,1,3,26,1.2
2002,1,4,22,2.0
2002,1,5,27,1.9
2002,1,6,18,1.8
2002,1,7,14,1.8
2002,1,8,20,1.7
2002,1,9,20,2.3
2002,1,10,25,1.0
2002,1,11,11,1.6
2002,1,12,20,1.1
2002,1,13,18,1.7
2002,1,14,28,1.4
2002,1,15,15,1.3
2002,1,16,30,1.1
2002,1,17,20,1.0
2002,1,18,36,1.2
2002,1,19,22,0.8
2002,1,20,7,1.8
2002,1,21,17,0.9
2002,1,22,28,1.5
2002,1,23,34,0.5
2002,1,24,18,1.0
2002,1,25,29,2.1
2002,1,26,27,1.3
2002,1,27,32,1.1
2002,1,28,32,1.0
2002,1,29,27,0.9
2002,1,30,16,0.8
2002,1,31,23,0.5
2002,2,1,11,1.1
2002,2,2,29,0.8
2002,2,3,18,0.8
2002,2,4,23,1.7
2002,2,5,25,1.2
2002,2,6,20,1.7
2002,2,7,21,1.0
2002,2,8,11,1.4
2002,2,9,22,0.8
2002,2,10,18,0.6
2002,2,11,23,1.0
2002,2,12,16,0.6
2002,2,13,20,1.4
2002,2,14,21,1.2
2002,2,15,15,1.0
2002,2,16,22,1.3
2002,2,17,21,2.7
2002,2,18,34,2.4
2002,2,19,24,1.4
2002,2,20,20,1.5
2002,2,21,24,1.0
2002,2,22,25,1.3
2002,2,23,22,1.8
2002,2,24,19,1.3
2002,2,25,24,1.3
2002,2,26,25,2.2
2002,2,27,17,2.7
2002,2,28,21,2.2
2002,3,1,1,2.2
2002,3,2,1,2.7
2002,3,3,36,1.7
2002,3,4,1,1.5
2002,3,5,1,2.6
2002,3,6,1,1.2
2002,3,7,1,2.1
2002,3,8,1,0.8
2002,3,9,1,1.8
2002,3,10,1,1.3
2002,3,11,1,1.3
2002,3,12,1,1.1
2002,3,13,1,1.3
2002,3,14,1,1.1
2002,3,15,1,2.2
2002,3,16,1,2.3
2002,3,17,1,2.2
2002,3,18,0,1.3
2002,3,19,1,1.2
2002,3,20,1,2.2
2002,3,21,36,1.6
2002,3,22,36,1.0
2002,3,23,36,2.0
2002,3,24,1,1.3
2002,3,25,1,2.4
2002,3,26,1,1.3
2002,3,27,1,2.3
2002,3,28,1,1.6
2002,3,29,1,1.4
2002,3,30,1,2.6
2002,3,31,1,2.1
2002,4,1,21,3.0
2002,4,2,25,3.6
2002,4,3,20,2.2
2002,4,4,28,2.1
2002,4,5,16,1.6
2002,4,6,20,2.7
2002,4,7,29,1.8
2002,4,8,15,2.8
2002,4,9,16,2.0
2002,4,10,31,3.0
2002,4,11,23,1.2
2002,4,12,22,1.0
2002,4,13,24,2.4
2002,4,14,14,1.1
2002,4,15,18,2.3
2002,4,16,22,1.0
2002,4,17,32,0.5
2002,4,18,24,1.0
2002,4,19,24,0.9
2002,4,20,18,0.9
2002,4,21,22,1.2
2002,4,22,6,1.4
2002,4,23,25,1.3
2002,4,24,22,1.1
2002,4,25,26,2.0
2002,4,26,20,1.4
2002,4,27,20,1.8
2002,4,28,20,1.7
2002,4,29,17,1.3
2002,4,30,24,1.5
2002,5,1,24,1.9
2002,5,2,24,2.1
2002,5,3,24,1.6
2002,5,4,17,2.3
2002,5,5,21,1.6
2002,5,6,26,1.4
2002,5,7,25,1.7
2002,5,8,14,2.2
2002,5,9,8,0.9
2002,5,10,18,1.7
2002,5,11,17,1.4
2002,5,12,20,2.1
2002,5,13,17,1.9
2002,5,14,18,1.8
2002,5,15,8,1.5
2002,5,16,23,1.8
2002,5,17,24,1.9
2002,5,18,27,2.5
2002,5,19,24,2.3
2002,5,20,11,4.9
2002,5,21,15,1.6
2002,5,22,26,1.2
2002,5,23,31,0.9
2002,5,24,24,1.1
2002,5,25,14,0.9
2002,5,26,16,1.5
2002,5,27,26,1.8
2002,5,28,22,2.0
2002,5,29,23,1.3
2002,5,30,22,1.3
2002,5,31,24,1.5
2002,6,1,25,3.0
2002,6,2,19,1.7
2002,6,3,24,1.2
2002,6,4,23,2.5
2002,6,5,24,2.3
2002,6,6,23,1.7
2002,6,7,14,1.5
2002,6,8,21,1.2
2002,6,9,23,1.5
2002,6,10,25,1.4
2002,6,11,8,5.1
2002,6,12,5,2.8
2002,6,13,25,1.4
2002,6,14,25,1.6
2002,6,15,23,2.1
2002,6,16,23,1.1
2002,6,17,25,1.4
2002,6,18,18,1.0
2002,6,19,25,2.0
2002,6,20,25,3.0
2002,6,21,24,2.5
2002,6,22,23,3.3
2002,6,23,9,1.2
2002,6,24,17,1.7
2002,6,25,14,2.3
2002,6,26,24,2.5
2002,6,27,26,1.5
2002,6,28,23,0.7
2002,6,29,15,1.0
2002,6,30,22,1.4
2002,7,1,18,1.6
2002,7,2,16,1.1
2002,7,3,7,3.2
2002,7,4,8,0.5
2002,7,5,14,2.0
2002,7,6,8,1.8
2002,7,7,13,1.6
2002,7,8,25,1.2
2002,7,9,24,0.9
2002,7,10,17,0.8
2002,7,11,12,1.3
2002,7,12,6,1.5
2002,7,13,13,1.6
2002,7,14,14,1.4
2002,7,15,24,1.7
2002,7,16,15,0.9
2002,7,17,25,1.5
2002,7,18,23,0.9
2002,7,19,24,1.3
2002,7,20,24,1.0
2002,7,21,26,2.8
2002,7,22,25,1.4
2002,7,23,23,1.7
2002,7,24,19,1.7
2002,7,25,26,1.2
2002,7,26,15,1.2
2002,7,27,24,1.1
2002,7,28,26,0.9
2002,7,29,18,1.6
2002,7,30,20,1.1
2002,7,31,24,2.5
2002,8,1,14,3.1
2002,8,2,11,2.2
2002,8,3,7,1.5
2002,8,4,10,1.8
2002,8,5,10,2.8
2002,8,6,10,2.2
2002,8,7,10,2.1
2002,8,8,9,1.8
2002,8,9,10,2.9
2002,8,10,10,3.1
2002,8,11,10,1.8
2002,8,12,6,2.2
2002,8,13,7,1.5
2002,8,14,7,2.3
2002,8,15,11,2.8
2002,8,16,7,5.9
2002,8,17,12,8.0
2002,8,18,7,1.0
2002,8,19,11,2.1
2002,8,20,2,2.8
2002,8,21,11,2.3
2002,8,22,7,2.3
2002,8,23,7,1.8
2002,8,24,6,2.0
2002,8,25,12,1.2
2002,8,26,6,2.4
2002,8,27,7,2.5
2002,8,28,7,3.4
2002,8,29,4,4.3
2002,8,30,4,3.1
2002,8,31,9,2.6
2002,9,1,10,4.8
2002,9,2,31,3.7
2002,9,3,21,3.0
2002,9,4,19,1.6
2002,9,5,23,1.7
2002,9,6,23,7.5
2002,9,7,18,5.4
2002,9,8,17,1.9
2002,9,9,21,2.1
2002,9,10,20,2.8
2002,9,11,23,4.3
2002,9,12,24,1.7
2002,9,13,19,4.3
2002,9,14,8,5.3
2002,9,15,13,7.2
2002,9,16,17,6.3
2002,9,17,18,3.8
2002,9,18,22,2.9
2002,9,19,23,3.3
2002,9,20,14,2.7
2002,9,21,19,2.1
2002,9,22,22,2.5
2002,9,23,16,2.3
2002,9,24,11,2.0
2002,9,25,21,2.5
2002,9,26,13,2.3
2002,9,27,34,2.9
2002,9,28,25,2.3
2002,9,29,6,2.1
2002,9,30,29,2.5
2002,10,1,17,2.8
2002,10,2,21,3.0
2002,10,3,23,2.8
2002,10,4,12,1.7
2002,10,5,22,4.6
2002,10,6,7,2.6
2002,10,7,7,2.8
2002,10,8,11,3.9
2002,10,9,14,5.8
2002,10,10,6,5.5
2002,10,11,15,2.9
2002,10,12,19,3.8
2002,10,13,22,5.1
2002,10,14,7,5.8
2002,10,15,17,4.1
2002,10,16,13,2.9
2002,10,17,7,2.3
2002,10,18,7,2.0
2002,10,19,18,2.3
2002,10,20,27,5.3
2002,10,21,11,4.0
2002,10,22,8,4.0
2002,10,23,10,4.8
2002,10,24,14,2.9
2002,10,25,8,3.5
2002,10,26,16,3.4
2002,10,27,12,3.5
2002,10,28,10,2.5
2002,10,29,11,2.3
2002,10,30,12,2.4
2002,10,31,11,4.3
2002,11,1,11,2.3
2002,11,2,7,2.5
2002,11,3,7,1.3
2002,11,4,7,1.4
2002,11,5,13,1.5
2002,11,6,6,2.5
2002,11,7,9,1.5
2002,11,8,10,1.6
2002,11,9,16,1.9
2002,11,10,10,1.8
2002,11,11,7,2.3
2002,11,12,8,3.5
2002,11,13,10,2.5
2002,11,14,4,2.6
2002,11,15,7,3.5
2002,11,16,2,2.5
2002,11,17,5,2.0
2002,11,18,16,3.2
2002,11,19,6,3.4
2002,11,20,11,1.4
2002,11,21,6,2.6
2002,11,22,9,2.2
2002,11,23,7,4.1
2002,11,24,7,3.9
2002,11,25,6,3.2
2002,11,26,1,2.8
2002,11,27,10,3.0
2002,11,28,5,1.5
2002,11,29,7,1.1
2002,11,30,0,4.0
2002,12,1,13,1.5
2002,12,2,19,2.3
2002,12,3,13,1.2
2002,12,4,9,3.2
2002,12,5,9,4.6
2002,12,6,7,4.0
2002,12,7,10,3.1
2002,12,8,3,3.2
2002,12,9,7,1.2
2002,12,10,9,0.6
2002,12,11,4,1.3
2002,12,12,11,0.8
2002,12,13,10,1.8
2002,12,14,12,1.2
2002,12,15,10,1.2
2002,12,16,4,1.5
2002,12,17,7,0.5
2002,12,18,8,0.9
2002,12,19,10,1.2
2002,12,20,10,2.1
2002,12,21,16,1.7
2002,12,22,10,1.8
2002,12,23,5,0.7
2002,12,24,12,1.5
2002,12,25,6,1.0
2002,12,26,14,1.6
2002,12,27,9,1.5
2002,12,28,14,1.4
2002,12,29,11,0.9
2002,12,30,8,1.5
2002,12,31,11,0.6
2003,1,1,18,0.7
2003,1,2,15,6.0
2003,1,3,11,6.0
2003,1,4,7,8.0
2003,1,5,7,4.0
2003,1,6,11,2.0
2003,1,7,17,6.0
2003,1,8,13,7.0
2003,1,9,10,7.0
2003,1,10,12,9.0
2003,1,11,11,8.0
2003,1,12,14,3.0
2003,1,13,11,8.0
2003,1,14,11,9.0
2003,1,15,11,8.0
2003,1,16,10,2.0
2003,1,17,9,8.0
2003,1,18,18,8.0
2003,1,19,9,3.0
2003,1,20,10,4.0
2003,1,21,7,7.0
2003,1,22,21,5.0
2003,1,23,13,6.0
2003,1,24,7,5.0
2003,1,25,8,8.0
2003,1,26,10,6.0
2003,1,27,11,7.0
2003,1,28,9,2.0
2003,1,29,8,3.0
2003,1,30,12,3.0
2003,1,31,8,6.0
2003,2,1,16,0.9
2003,2,2,6,0.6
2003,2,3,10,0.7
2003,2,4,6,1.4
2003,2,5,3,0.5
2003,2,6,13,0.8
2003,2,7,12,1.1
2003,2,8,13,1.2
2003,2,9,13,1.0
2003,2,10,6,0.8
2003,2,11,6,1.5
2003,2,12,7,0.5
2003,2,13,7,0.9
2003,2,14,12,1.4
2003,2,15,5,1.4
2003,2,16,13,1.4
2003,2,17,10,1.2
2003,2,18,7,1.9
2003,2,19,18,0.7
2003,2,20,17,1.5
2003,2,21,5,0.7
2003,2,22,9,0.9
2003,2,23,11,1.0
2003,2,24,7,0.6
2003,2,25,6,0.7
2003,2,26,7,0.6
2003,2,27,11,1.0
2003,2,28,7,0.7
2003,3,1,1,0.8
2003,3,2,1,0.8
2003,3,3,1,1.0
2003,3,4,1,1.1
2003,3,5,1,1.4
2003,3,6,1,2.0
2003,3,7,1,1.4
2003,3,8,1,1.0
2003,3,9,1,1.0
2003,3,10,1,0.6
2003,3,11,1,1.6
2003,3,12,1,1.0
2003,3,13,1,1.0
2003,3,14,1,0.7
2003,3,15,1,1.5
2003,3,16,1,1.1
2003,3,17,1,1.7
2003,3,18,36,1.2
2003,3,19,1,1.3
2003,3,20,1,1.3
2003,3,21,0,1.8
2003,3,22,0,1.2
2003,3,23,36,1.4
2003,3,24,1,1.5
2003,3,25,1,0.9
2003,3,26,1,1.8
2003,3,27,1,1.3
2003,3,28,1,1.0
2003,3,29,1,0.5
2003,3,30,1,1.4
2003,3,31,1,0.6
2003,4,1,11,8.0
2003,4,2,8,7.0
2003,4,3,7,7.0
2003,4,4,9,9.0
2003,4,5,6,6.0
2003,4,6,11,4.0
2003,4,7,2,5.0
2003,4,8,11,4.0
2003,4,9,11,8.0
2003,4,10,9,7.0
2003,4,11,17,2.0
2003,4,12,11,2.0
2003,4,13,12,1.0
2003,4,14,9,2.0
2003,4,15,5,3.0
2003,4,16,7,5.0
2003,4,17,1,3.0
2003,4,18,12,2.0
2003,4,19,12,1.0
2003,4,20,11,2.0
2003,4,21,9,2.0
2003,4,22,16,1.0
2003,4,23,9,1.0
2003,4,24,11,1.0
2003,4,25,10,3.0
2003,4,26,9,2.0
2003,4,27,10,1.0
2003,4,28,9,1.0
2003,4,29,12,1.0
2003,4,30,12,2.0
2003,5,1,4,1.3
2003,5,2,9,1.3
2003,5,3,12,1.7
2003,5,4,5,1.0
2003,5,5,7,0.7
2003,5,6,10,2.0
2003,5,7,12,2.3
2003,5,8,11,1.0
2003,5,9,12,0.9
2003,5,10,10,1.2
2003,5,11,11,1.3
2003,5,12,7,0.6
2003,5,13,12,1.0
2003,5,14,11,1.3
2003,5,15,12,1.9
2003,5,16,12,1.0
2003,5,17,9,2.0
2003,5,18,7,1.9
2003,5,19,7,4.5
2003,5,20,8,5.7
2003,5,21,8,1.5
2003,5,22,7,1.3
2003,5,23,10,0.9
2003,5,24,11,1.7
2003,5,25,8,1.2
2003,5,26,10,1.0
2003,5,27,7,0.9
2003,5,28,6,0.6
2003,5,29,12,1.1
2003,5,30,14,2.6
2003,5,31,4,2.0
2003,6,1,11,1.6
2003,6,2,2,1.0
2003,6,3,9,1.0
2003,6,4,11,1.3
2003,6,5,10,0.7
2003,6,6,5,2.8
2003,6,7,7,1.4
2003,6,8,9,0.9
2003,6,9,11,1.2
2003,6,10,8,2.8
2003,6,11,11,4.8
2003,6,12,9,2.0
2003,6,13,11,1.0
2003,6,14,7,1.4
2003,6,15,8,1.5
2003,6,16,6,1.2
2003,6,17,10,1.4
2003,6,18,7,0.7
2003,6,19,10,1.0
2003,6,20,10,1.3
2003,6,21,7,1.9
2003,6,22,10,1.9
2003,6,23,11,0.8
2003,6,24,2,1.4
2003,6,25,11,1.8
2003,6,26,12,2.3
2003,6,27,11,1.2
2003,6,28,11,1.1
2003,6,29,11,1.4
2003,6,30,7,1.9
2003,7,1,8,0.9
2003,7,2,8,1.2
2003,7,3,7,1.0
2003,7,4,11,1.8
2003,7,5,7,2.3
2003,7,6,7,3.7
2003,7,7,5,1.0
2003,7,8,10,3.5
2003,7,9,5,3.1
2003,7,10,11,1.3
2003,7,11,10,1.8
2003,7,12,10,1.4
2003,7,13,6,2.3
2003,7,14,8,2.3
2003,7,15,3,3.2
2003,7,16,7,3.5
2003,7,17,9,3.7
2003,7,18,10,2.5
2003,7,19,7,2.0
2003,7,20,9,1.5
2003,7,21,9,4.3
2003,7,22,14,1.2
2003,7,23,13,3.9
2003,7,24,10,2.3
2003,7,25,17,2.0
2003,7,26,10,1.9
2003,7,27,10,1.8
2003,7,28,10,1.5
2003,7,29,10,2.0
2003,7,30,7,1.7
2003,7,31,13,2.6
2003,8,1,14,2.8
2003,8,2,11,2.0
2003,8,3,7,2.1
2003,8,4,10,1.8
2003,8,5,10,1.7
2003,8,6,10,3.0
2003,8,7,10,3.4
2003,8,8,9,2.4
2003,8,9,10,2.2
2003,8,10,10,1.2
2003,8,11,10,0.9
2003,8,12,6,1.0
2003,8,13,7,1.0
2003,8,14,7,2.1
2003,8,15,11,0.6
2003,8,16,7,2.4
2003,8,17,12,1.5
2003,8,18,7,1.3
2003,8,19,11,1.4
2003,8,20,2,1.8
2003,8,21,11,0.7
2003,8,22,7,3.5
2003,8,23,7,1.8
2003,8,24,6,1.3
2003,8,25,12,1.9
2003,8,26,6,1.3
2003,8,27,7,2.3
2003,8,28,7,2.3
2003,8,29,4,2.2
2003,8,30,4,2.1
2003,8,31,9,1.7
2003,9,1,11,2.0
2003,9,2,8,1.9
2003,9,3,9,1.7
2003,9,4,10,1.6
2003,9,5,9,1.2
2003,9,6,8,1.6
2003,9,7,6,2.7
2003,9,8,10,2.2
2003,9,9,9,1.8
2003,9,10,10,1.5
2003,9,11,10,1.3
2003,9,12,10,2.5
2003,9,13,3,1.5
2003,9,14,18,4.1
2003,9,15,15,4.5
2003,9,16,3,3.9
2003,9,17,10,1.7
2003,9,18,7,2.2
2003,9,19,12,2.5
2003,9,20,10,2.0
2003,9,21,11,1.9
2003,9,22,11,1.7
2003,9,23,7,4.5
2003,9,24,6,3.6
2003,9,25,5,2.7
2003,9,26,7,3.3
2003,9,27,8,2.5
2003,9,28,4,3.2
2003,9,29,4,4.5
2003,9,30,13,5.5
2003,10,1,10,2.7
2003,10,2,14,1.6
2003,10,3,11,1.7
2003,10,4,10,2.4
2003,10,5,24,3.4
2003,10,6,11,1.7
2003,10,7,7,2.7
2003,10,8,7,2.7
2003,10,9,6,4.8
2003,10,10,10,4.2
2003,10,11,14,4.1
2003,10,12,10,3.6
2003,10,13,10,2.6
2003,10,14,11,1.3
2003,10,15,10,2.4
2003,10,16,11,2.1
2003,10,17,13,1.9
2003,10,18,14,6.0
2003,10,19,14,5.0
2003,10,20,26,2.0
2003,10,21,11,0.8
2003,10,22,8,1.0
2003,10,23,10,2.1
2003,10,24,14,3.3
2003,10,25,8,3.0
2003,10,26,16,1.6
2003,10,27,12,2.2
2003,10,28,10,5.5
2003,10,29,11,2.8
2003,10,30,12,3.8
2003,10,31,11,3.0
2003,11,1,11,2.1
2003,11,2,7,3.4
2003,11,3,7,2.8
2003,11,4,7,3.1
2003,11,5,13,3.5
2003,11,6,6,1.5
2003,11,7,9,3.3
2003,11,8,10,3.3
2003,11,9,16,2.3
2003,11,10,10,2.3
2003,11,11,7,3.4
2003,11,12,8,4.3
2003,11,13,10,3.9
2003,11,14,4,2.9
2003,11,15,7,3.8
2003,11,16,2,1.8
2003,11,17,5,2.5
2003,11,18,16,4.1
2003,11,19,6,2.4
2003,11,20,11,3.5
2003,11,21,6,3.0
2003,11,22,9,2.4
2003,11,23,7,1.5
2003,11,24,7,3.0
2003,11,25,6,1.5
2003,11,26,1,2.0
2003,11,27,10,3.4
2003,11,28,5,1.0
2003,11,29,7,1.1
2003,11,30,36,1.0
2003,12,1,13,0.8
2003,12,2,19,1.4
2003,12,3,13,2.8
2003,12,4,9,1.8
2003,12,5,9,2.9
2003,12,6,7,1.5
2003,12,7,10,1.9
2003,12,8,3,2.4
2003,12,9,7,3.8
2003,12,10,9,1.4
2003,12,11,4,1.0
2003,12,12,11,1.2
2003,12,13,10,1.0
2003,12,14,12,1.5
2003,12,15,10,0.8
2003,12,16,4,2.0
2003,12,17,7,0.8
2003,12,18,8,0.6
2003,12,19,10,3.0
2003,12,20,10,0.9
2003,12,21,16,1.0
2003,12,22,10,1.7
2003,12,23,5,2.9
2003,12,24,12,1.7
2003,12,25,6,2.0
2003,12,26,14,0.9
2003,12,27,9,2.2
2003,12,28,14,0.5
2003,12,29,11,1.5
2003,12,30,8,0.5
2003,12,31,11,0.6
2004,1,1,18,2.2
2004,1,2,15,0.7
2004,1,3,11,1.4
2004,1,4,7,1.3
2004,1,5,7,2.3
2004,1,6,11,1.2
2004,1,7,17,1.8
2004,1,8,13,2.0
2004,1,9,10,2.1
2004,1,10,12,1.6
2004,1,11,11,1.3
2004,1,12,14,1.6
2004,1,13,11,1.5
2004,1,14,11,0.7
2004,1,15,11,1.3
2004,1,16,10,2.1
2004,1,17,9,1.1
2004,1,18,18,1.7
2004,1,19,9,0.9
2004,1,20,10,0.7
2004,1,21,7,1.3
2004,1,22,21,1.3
2004,1,23,13,3.3
2004,1,24,7,0.9
2004,1,25,8,0.7
2004,1,26,10,1.3
2004,1,27,11,1.1
2004,1,28,9,0.6
2004,1,29,8,0.8
2004,1,30,12,0.8
2004,1,31,8,0.8
2004,2,1,16,0.8
2004,2,2,6,1.0
2004,2,3,10,0.5
2004,2,4,6,0.5
2004,2,5,3,0.5
2004,2,6,13,1.6
2004,2,7,12,0.8
2004,2,8,13,0.9
2004,2,9,13,1.0
2004,2,10,6,1.1
2004,2,11,6,0.9
2004,2,12,7,0.6
2004,2,13,7,1.2
2004,2,14,12,1.0
2004,2,15,5,0.6
2004,2,16,13,1.6
2004,2,17,10,0.8
2004,2,18,7,1.3
2004,2,19,18,1.0
2004,2,20,17,1.0
2004,2,21,5,0.7
2004,2,22,9,0.5
2004,2,23,11,1.5
2004,2,24,7,1.1
2004,2,25,6,0.7
2004,2,26,7,1.0
2004,2,27,11,0.6
2004,2,28,7,1.0
2004,2,29,4,1.3
2004,3,1,1,1.5
2004,3,2,1,1.0
2004,3,3,36,0.5
2004,3,4,1,1.0
2004,3,5,1,1.0
2004,3,6,1,1.0
2004,3,7,1,0.6
2004,3,8,1,0.6
2004,3,9,1,0.5
2004,3,10,1,1.0
2004,3,11,1,0.8
2004,3,12,1,1.0
2004,3,13,1,1.7
2004,3,14,1,1.9
2004,3,15,1,0.9
2004,3,16,1,0.7
2004,3,17,1,0.5
2004,3,18,0,0.5
2004,3,19,1,1.3
2004,3,20,1,0.6
2004,3,21,0,0.6
2004,3,22,0,0.5
2004,3,23,36,1.0
2004,3,24,1,0.5
2004,3,25,1,1.0
2004,3,26,1,0.7
2004,3,27,1,0.5
2004,3,28,1,0.8
2004,3,29,1,0.7
2004,3,30,1,1.3
2004,3,31,1,0.8
2004,4,1,11,0.6
2004,4,2,8,1.0
2004,4,3,7,0.5
2004,4,4,9,0.5
2004,4,5,6,0.9
2004,4,6,11,1.5
2004,4,7,2,1.2
2004,4,8,11,1.0
2004,4,9,11,2.0
2004,4,10,9,2.0
2004,4,11,17,0.9
2004,4,12,11,1.7
2004,4,13,12,0.7
2004,4,14,9,0.8
2004,4,15,5,0.8
2004,4,16,7,0.7
2004,4,17,1,0.5
2004,4,18,12,1.3
2004,4,19,12,1.0
2004,4,20,11,0.6
2004,4,21,9,0.6
2004,4,22,16,0.9
2004,4,23,9,0.5
2004,4,24,11,1.2
2004,4,25,10,0.5
2004,4,26,9,1.2
2004,4,27,10,2.3
2004,4,28,9,1.0
2004,4,29,12,0.8
2004,4,30,12,0.7
2004,5,1,4,0.6
2004,5,2,9,1.1
2004,5,3,12,0.8
2004,5,4,5,1.8
2004,5,5,7,1.1
2004,5,6,10,1.4
2004,5,7,12,1.4
2004,5,8,11,0.7
2004,5,9,12,1.2
2004,5,10,10,0.7
2004,5,11,11,0.7
2004,5,12,7,2.0
2004,5,13,12,0.7
2004,5,14,11,0.8
2004,5,15,12,1.2
2004,5,16,12,0.8
2004,5,17,9,0.9
2004,5,18,7,1.5
2004,5,19,7,0.8
2004,5,20,8,0.9
2004,5,21,8,1.2
2004,5,22,7,0.5
2004,5,23,10,1.0
2004,5,24,11,1.0
2004,5,25,8,0.6
2004,5,26,10,1.3
2004,5,27,7,0.8
2004,5,28,6,0.9
2004,5,29,12,0.7
2004,5,30,14,0.6
2004,5,31,4,1.1
2004,6,1,11,1.3
2004,6,2,2,2.0
2004,6,3,9,1.8
2004,6,4,11,1.4
2004,6,5,10,1.5
2004,6,6,5,1.3
2004,6,7,7,0.7
2004,6,8,9,0.7
2004,6,9,11,1.9
2004,6,10,8,1.6
2004,6,11,11,1.2
2004,6,12,9,1.3
2004,6,13,11,1.3
2004,6,14,7,0.9
2004,6,15,8,1.4
2004,6,16,6,0.8
2004,6,17,10,1.6
2004,6,18,7,2.3
2004,6,19,10,1.5
2004,6,20,10,1.5
2004,6,21,7,1.1
2004,6,22,10,0.6
2004,6,23,11,0.8
2004,6,24,2,0.9
2004,6,25,11,1.2
2004,6,26,12,1.3
2004,6,27,11,0.5
2004,6,28,11,0.8
2004,6,29,11,1.4
2004,6,30,7,0.7
2004,7,1,8,1.0
2004,7,2,8,1.4
2004,7,3,7,1.1
2004,7,4,11,1.4
2004,7,5,7,1.8
2004,7,6,7,1.7
2004,7,7,5,1.4
2004,7,8,10,2.0
2004,7,9,5,1.1
2004,7,10,11,1.1
2004,7,11,10,1.4
2004,7,12,10,1.5
2004,7,13,6,0.8
2004,7,14,8,3.8
2004,7,15,3,2.2
2004,7,16,7,2.3
2004,7,17,9,1.7
2004,7,18,10,1.3
2004,7,19,7,1.4
2004,7,20,9,2.8
2004,7,21,9,1.3
2004,7,22,14,1.0
2004,7,23,13,1.0
2004,7,24,10,0.8
2004,7,25,17,0.6
2004,7,26,10,0.5
2004,7,27,10,0.7
2004,7,28,10,2.8
2004,7,29,10,1.3
2004,7,30,7,1.3
2004,7,31,13,0.8
2004,8,1,14,3.7
2004,8,2,11,3.0
2004,8,3,7,1.8
2004,8,4,10,1.7
2004,8,5,10,1.3
2004,8,6,10,1.4
2004,8,7,10,1.5
2004,8,8,9,1.0
2004,8,9,10,1.0
2004,8,10,10,1.8
2004,8,11,10,2.4
2004,8,12,6,2.3
2004,8,13,7,2.1
2004,8,14,7,1.3
2004,8,15,11,0.7
2004,8,16,7,0.7
2004,8,17,12,1.2
2004,8,18,7,4.5
2004,8,19,11,3.3
2004,8,20,2,2.7
2004,8,21,11,1.9
2004,8,22,7,2.2
2004,8,23,7,2.0
2004,8,24,6,1.7
2004,8,25,12,1.4
2004,8,26,6,0.9
2004,8,27,7,1.5
2004,8,28,7,4.4
2004,8,29,4,2.0
2004,8,30,4,1.3
2004,8,31,9,2.1
2004,9,1,11,1.8
2004,9,2,8,1.0
2004,9,3,9,2.8
2004,9,4,10,1.7
2004,9,5,9,1.7
2004,9,6,8,1.4
2004,9,7,6,1.5
2004,9,8,10,1.9
2004,9,9,9,1.8
2004,9,10,10,3.3
2004,9,11,10,3.1
2004,9,12,10,1.5
2004,9,13,3,2.5
2004,9,14,18,2.7
2004,9,15,15,3.0
2004,9,16,3,1.8
2004,9,17,10,1.9
2004,9,18,7,1.0
2004,9,19,12,1.3
2004,9,20,10,3.0
2004,9,21,11,5.2
2004,9,22,11,3.4
2004,9,23,7,1.8
2004,9,24,6,1.9
2004,9,25,5,0.9
2004,9,26,7,2.0
2004,9,27,8,2.1
2004,9,28,4,3.8
2004,9,29,4,0.7
2004,9,30,13,3.6
2004,10,1,10,3.0
2004,10,2,14,3.0
2004,10,3,11,3.0
2004,10,4,10,3.0
2004,10,5,24,3.0
2004,10,6,11,3.0
2004,10,7,7,2.0
2004,10,8,7,2.0
2004,10,9,6,3.0
2004,10,10,10,3.0
2004,10,11,14,1.0
2004,10,12,10,2.0
2004,10,13,10,3.0
2004,10,14,11,2.0
2004,10,15,10,3.0
2004,10,16,11,3.0
2004,10,17,13,2.0
2004,10,18,14,3.0
2004,10,19,14,2.0
2004,10,20,26,2.0
2004,10,21,11,4.0
2004,10,22,8,3.0
2004,10,23,10,3.0
2004,10,24,14,2.0
2004,10,25,8,3.0
2004,10,26,16,2.0
2004,10,27,12,4.0
2004,10,28,10,5.0
2004,10,29,11,4.0
2004,10,30,12,4.0
2004,10,31,11,2.0
2004,11,1,11,2.6
2004,11,2,7,2.1
2004,11,3,7,2.8
2004,11,4,7,4.2
2004,11,5,13,4.4
2004,11,6,6,3.6
2004,11,7,9,5.1
2004,11,8,10,3.8
2004,11,9,16,2.7
2004,11,10,10,1.8
2004,11,11,7,3.0
2004,11,12,8,4.2
2004,11,13,10,3.0
2004,11,14,4,2.2
2004,11,15,7,3.9
2004,11,16,2,4.5
2004,11,17,5,5.0
2004,11,18,16,3.2
2004,11,19,6,2.8
2004,11,20,11,2.2
2004,11,21,6,0.6
2004,11,22,9,1.3
2004,11,23,7,1.6
2004,11,24,7,1.7
2004,11,25,6,2.1
2004,11,26,1,3.4
2004,11,27,10,2.5
2004,11,28,5,2.6
2004,11,29,7,3.3
2004,11,30,36,2.0
2004,12,1,13,2.5
2004,12,2,19,1.2
2004,12,3,13,1.0
2004,12,4,9,1.4
2004,12,5,9,2.0
2004,12,6,7,1.8
2004,12,7,10,0.9
2004,12,8,3,1.9
2004,12,9,7,1.1
2004,12,10,9,1.8
2004,12,11,4,3.0
2004,12,12,11,2.0
2004,12,13,10,0.9
2004,12,14,12,0.8
2004,12,15,10,0.5
2004,12,16,4,1.3
2004,12,17,7,1.0
2004,12,18,8,0.9
2004,12,19,10,1.4
2004,12,20,10,1.2
2004,12,21,16,0.9
2004,12,22,10,1.3
2004,12,23,5,0.9
2004,12,24,12,0.9
2004,12,25,6,1.6
2004,12,26,14,2.0
2004,12,27,9,0.8
2004,12,28,14,1.0
2004,12,29,11,1.0
2004,12,30,8,0.6
2004,12,31,11,1.0
2005,1,1,25,1.4
2005,1,2,31,0.9
2005,1,3,26,0.6
2005,1,4,22,2.3
2005,1,5,27,1.2
2005,1,6,18,0.8
2005,1,7,14,1.1
2005,1,8,20,0.8
2005,1,9,20,0.8
2005,1,10,25,1.0
2005,1,11,11,1.7
2005,1,12,20,1.2
2005,1,13,18,3.8
2005,1,14,28,0.6
2005,1,15,15,1.7
2005,1,16,30,1.6
2005,1,17,20,2.5
2005,1,18,36,0.9
2005,1,19,22,1.6
2005,1,20,7,1.3
2005,1,21,17,1.3
2005,1,22,28,1.9
2005,1,23,34,2.1
2005,1,24,18,1.5
2005,1,25,29,0.7
2005,1,26,27,1.0
2005,1,27,32,0.8
2005,1,28,32,1.2
2005,1,29,27,0.6
2005,1,30,16,2.1
2005,1,31,23,0.5
2005,2,1,11,0.9
2005,2,2,29,0.9
2005,2,3,18,0.8
2005,2,4,23,1.2
2005,2,5,25,0.7
2005,2,6,20,1.1
2005,2,7,21,0.9
2005,2,8,11,0.7
2005,2,9,22,1.0
2005,2,10,18,1.1
2005,2,11,23,0.8
2005,2,12,16,1.1
2005,2,13,20,0.6
2005,2,14,21,1.0
2005,2,15,15,0.5
2005,2,16,22,2.1
2005,2,17,21,0.5
2005,2,18,34,0.7
2005,2,19,24,2.0
2005,2,20,20,1.0
2005,2,21,24,1.0
2005,2,22,25,0.5
2005,2,23,22,1.2
2005,2,24,19,0.5
2005,2,25,24,0.4
2005,2,26,25,0.6
2005,2,27,17,1.0
2005,2,28,21,2.0
2005,3,1,1,1.5
2005,3,2,1,1.3
2005,3,3,0,0.8
2005,3,4,1,1.1
2005,3,5,1,0.8
2005,3,6,1,1.0
2005,3,7,1,0.9
2005,3,8,1,1.5
2005,3,9,1,0.8
2005,3,10,1,2.0
2005,3,11,1,2.5
2005,3,12,1,1.2
2005,3,13,1,1.3
2005,3,14,1,0.8
2005,3,15,1,1.2
2005,3,16,1,1.1
2005,3,17,1,1.5
2005,3,18,36,0.8
2005,3,19,1,1.5
2005,3,20,1,1.0
2005,3,21,36,1.4
2005,3,22,36,1.2
2005,3,23,36,1.9
2005,3,24,1,1.4
2005,3,25,1,1.0
2005,3,26,1,2.3
2005,3,27,1,1.6
2005,3,28,1,1.9
2005,3,29,1,1.1
2005,3,30,1,1.9
2005,3,31,1,1.8
2005,4,1,21,1.7
2005,4,2,25,2.0
2005,4,3,20,3.0
2005,4,4,28,2.5
2005,4,5,16,2.9
2005,4,6,20,1.0
2005,4,7,29,1.5
2005,4,8,15,0.9
2005,4,9,16,1.0
2005,4,10,31,1.6
2005,4,11,23,1.3
2005,4,12,22,1.3
2005,4,13,24,1.3
2005,4,14,14,1.7
2005,4,15,18,2.0
2005,4,16,22,1.0
2005,4,17,32,1.0
2005,4,18,24,1.2
2005,4,19,24,1.5
2005,4,20,18,1.4
2005,4,21,22,1.4
2005,4,22,6,1.5
2005,4,23,25,0.9
2005,4,24,22,1.0
2005,4,25,26,0.9
2005,4,26,20,2.0
2005,4,27,20,1.4
2005,4,28,20,2.0
2005,4,29,17,2.0
2005,4,30,24,1.3
2005,5,1,24,2.1
2005,5,2,24,1.8
2005,5,3,24,1.1
2005,5,4,17,1.5
2005,5,5,21,0.8
2005,5,6,26,0.8
2005,5,7,25,1.1
2005,5,8,14,0.8
2005,5,9,8,1.4
2005,5,10,18,1.5
2005,5,11,17,1.4
2005,5,12,20,1.1
2005,5,13,17,1.5
2005,5,14,18,1.5
2005,5,15,8,2.0
2005,5,16,23,0.7
2005,5,17,24,1.5
2005,5,18,27,0.9
2005,5,19,24,1.9
2005,5,20,11,1.8
2005,5,21,15,1.3
2005,5,22,26,1.3
2005,5,23,31,1.2
2005,5,24,24,0.8
2005,5,25,14,1.4
2005,5,26,16,0.7
2005,5,27,26,1.1
2005,5,28,22,1.0
2005,5,29,23,0.8
2005,5,30,22,0.8
2005,5,31,24,1.0
2005,6,1,25,1.0
2005,6,2,19,1.0
2005,6,3,24,0.7
2005,6,4,23,1.0
2005,6,5,24,0.8
2005,6,6,23,0.8
2005,6,7,14,1.5
2005,6,8,21,1.3
2005,6,9,23,2.0
2005,6,10,25,1.3
2005,6,11,8,2.3
2005,6,12,5,1.5
2005,6,13,25,1.0
2005,6,14,25,0.8
2005,6,15,23,0.6
2005,6,16,23,1.0
2005,6,17,25,1.2
2005,6,18,18,1.7
2005,6,19,25,0.9
2005,6,20,25,0.9
2005,6,21,24,1.7
2005,6,22,23,1.7
2005,6,23,9,1.1
2005,6,24,17,1.8
2005,6,25,14,0.9
2005,6,26,24,1.6
2005,6,27,26,0.8
2005,6,28,23,0.9
2005,6,29,15,1.3
2005,6,30,22,1.6
2005,7,1,18,0.9
2005,7,2,16,1.1
2005,7,3,7,2.5
2005,7,4,8,5.3
2005,7,5,14,3.3
2005,7,6,8,6.2
2005,7,7,13,1.3
2005,7,8,25,1.2
2005,7,9,24,1.3
2005,7,10,17,1.5
2005,7,11,12,1.6
2005,7,12,6,1.3
2005,7,13,13,1.2
2005,7,14,14,1.0
2005,7,15,24,1.0
2005,7,16,15,0.5
2005,7,17,25,2.3
2005,7,18,23,1.0
2005,7,19,24,1.3
2005,7,20,24,1.0
2005,7,21,26,1.3
2005,7,22,25,0.9
2005,7,23,23,0.9
2005,7,24,19,1.2
2005,7,25,26,1.7
2005,7,26,15,1.3
2005,7,27,24,1.2
2005,7,28,26,1.5
2005,7,29,18,1.9
2005,7,30,20,3.3
2005,7,31,24,1.7
2005,8,1,14,1.5
2005,8,2,11,1.8
2005,8,3,7,1.6
2005,8,4,10,3.6
2005,8,5,10,3.4
2005,8,6,10,2.9
2005,8,7,10,2.8
2005,8,8,9,0.9
2005,8,9,10,0.5
2005,8,10,10,1.7
2005,8,11,10,3.3
2005,8,12,6,0.8
2005,8,13,7,1.0
2005,8,14,7,1.3
2005,8,15,11,1.7
2005,8,16,7,1.6
2005,8,17,12,1.5
2005,8,18,7,1.0
2005,8,19,11,1.0
2005,8,20,2,1.9
2005,8,21,11,2.0
2005,8,22,7,2.0
2005,8,23,7,1.3
2005,8,24,6,1.0
2005,8,25,12,0.9
2005,8,26,6,0.5
2005,8,27,7,1.1
2005,8,28,7,2.0
2005,8,29,4,3.2
2005,8,30,4,4.7
2005,8,31,9,1.6
2005,9,1,10,1.6
2005,9,2,31,1.0
2005,9,3,21,1.1
2005,9,4,19,0.8
2005,9,5,23,1.1
2005,9,6,23,0.7
2005,9,7,18,2.2
2005,9,8,17,2.0
2005,9,9,21,2.6
2005,9,10,20,3.5
2005,9,11,23,2.3
2005,9,12,24,1.7
2005,9,13,19,3.2
2005,9,14,8,2.9
2005,9,15,13,2.1
2005,9,16,17,1.9
2005,9,17,18,2.5
2005,9,18,22,1.9
2005,9,19,23,2.3
2005,9,20,14,3.0
2005,9,21,19,1.6
2005,9,22,22,1.8
2005,9,23,16,1.5
2005,9,24,11,4.1
2005,9,25,21,2.5
2005,9,26,13,1.8
2005,9,27,34,1.7
2005,9,28,25,2.9
2005,9,29,6,1.2
2005,9,30,29,1.7
2005,10,1,17,2.0
2005,10,2,21,1.0
2005,10,3,23,1.8
2005,10,4,12,4.0
2005,10,5,22,3.1
2005,10,6,7,5.1
2005,10,7,7,6.3
2005,10,8,11,6.5
2005,10,9,14,4.4
2005,10,10,6,1.9
2005,10,11,15,4.6
2005,10,12,19,3.3
2005,10,13,22,0.3
2005,10,14,7,4.8
2005,10,15,17,4.9
2005,10,16,13,7.4
2005,10,17,7,5.6
2005,10,18,7,4.5
2005,10,19,18,4.3
2005,10,20,27,2.0
2005,10,21,11,1.0
2005,10,22,8,8.0
2005,10,23,10,3.0
2005,10,24,14,5.8
2005,10,25,8,3.5
2005,10,26,16,4.1
2005,10,27,12,5.9
2005,10,28,10,2.0
2005,10,29,11,3.9
2005,10,30,12,3.6
2005,10,31,11,0.8
2005,11,1,11,2.7
2005,11,2,7,2.8
2005,11,3,7,1.6
2005,11,4,7,4.5
2005,11,5,13,3.9
2005,11,6,6,1.2
2005,11,7,9,3.9
2005,11,8,10,2.3
2005,11,9,16,1.8
2005,11,10,10,1.8
2005,11,11,7,3.9
2005,11,12,8,2.6
2005,11,13,10,1.8
2005,11,14,4,1.9
2005,11,15,7,2.5
2005,11,16,2,2.5
2005,11,17,5,2.7
2005,11,18,16,1.0
2005,11,19,6,1.3
2005,11,20,11,3.4
2005,11,21,6,0.8
2005,11,22,9,3.1
2005,11,23,7,1.3
2005,11,24,7,1.7
2005,11,25,6,2.3
2005,11,26,1,1.6
2005,11,27,10,1.0
2005,11,28,5,0.5
2005,11,29,7,1.9
2005,11,30,0,1.0
2005,12,1,13,0.9
2005,12,2,19,1.0
2005,12,3,13,0.8
2005,12,4,9,0.5
2005,12,5,9,1.0
2005,12,6,7,1.0
2005,12,7,10,0.6
2005,12,8,3,1.0
2005,12,9,7,1.0
2005,12,10,9,0.6
2005,12,11,4,1.0
2005,12,12,11,0.9
2005,12,13,10,0.8
2005,12,14,12,1.0
2005,12,15,10,1.0
2005,12,16,4,0.9
2005,12,17,7,0.9
2005,12,18,8,1.3
2005,12,19,10,0.8
2005,12,20,10,1.0
2005,12,21,16,0.5
2005,12,22,10,0.5
2005,12,23,5,1.0
2005,12,24,12,0.9
2005,12,25,6,0.5
2005,12,26,14,2.0
2005,12,27,9,1.8
2005,12,28,14,0.9
2005,12,29,11,0.9
2005,12,30,8,1.0
2005,12,31,11,1.4
